Name,Club Name,Competition Name,Equivalent Competition,Level,Gender,Season,Factor,GP,MIN,PTS,DR,OR,REB,AST,STL,BLK,BLKON,FOUL,FOULON,TO,FGM,FGA,FG%,2PM,2PA,2P%,3PM,3PA,3P%,FTM,FTA,FT%
Jared Swanson,Shepparton,Division One Men,Division 1 Men,Senior,Male,2006,0.833333333,20,47.15,24.24,7.44,3.44,10.88,2.42,1.88,0.22,0.0,2.13,0.0,3.47,9.61,22.43,0.428,9.61,21.95,0.438,0.0,0.48,0.0,5.03,7.44,0.676
Timothy Gainey,Warrnambool,SCM 2008,Championship Men,Senior,Male,2008,0.833333333,20,46.45,13.92,4.81,2.03,6.85,1.49,0.48,1.07,0.61,2.33,2.84,2.81,4.94,12.95,0.381,3.39,7.85,0.432,1.55,5.1,0.304,2.49,3.16,0.788
Dean Rzechta,Maccabi,D2M 2007,Division 2 Men,Senior,Male,2007,0.833333333,1,46.0,24.78,2.61,2.61,5.22,2.61,0.65,0.0,0.0,1.3,0.0,1.96,7.17,16.3,0.44,4.57,9.78,0.467,2.61,6.52,0.4,7.83,10.43,0.751
Bart Strzebonski,La Trobe University,Division One Men,Division 1 Men,Senior,Male,2009,0.833333333,1,46.0,10.43,3.26,0.65,3.91,3.26,0.65,0.0,0.0,0.65,3.26,2.61,3.91,12.39,0.316,1.96,6.52,0.301,1.96,5.87,0.334,0.65,3.26,0.199
Brett Jarosz,Wyndham,VBL Premier Men,Division 1 Men,Senior,Male,2003,0.833333333,20,45.75,16.56,4.75,2.2,6.95,2.46,1.57,0.46,0.0,2.1,0.0,2.43,6.1,14.85,0.411,5.28,12.16,0.434,0.82,2.69,0.305,5.18,6.26,0.827
Paul Fridman,Maccabi,VBL Premier Men,Division 1 Men,Senior,Male,2003,0.833333333,21,45.57,9.75,2.85,0.75,3.61,6.18,2.85,0.19,0.0,2.19,0.0,4.48,4.89,16.14,0.303,3.2,9.87,0.324,1.69,6.27,0.27,1.66,2.32,0.716
Kevin Probert,Bendigo,YL1M 2007,Victorian Youth Championship Men,Youth,Male,2007,0.833333333,2,45.5,14.84,2.64,0.66,3.3,3.63,2.97,0.33,0.0,1.98,0.0,2.97,3.96,10.55,0.375,2.64,5.6,0.471,1.32,4.95,0.267,5.6,7.91,0.708
Thomas Burns,McKinnon,Division Two Men,Division 2 Men,Senior,Male,2006,0.833333333,20,45.5,13.58,4.09,1.05,5.14,4.75,1.75,0.2,0.0,1.85,0.0,3.69,4.81,12.82,0.375,3.63,8.47,0.429,1.19,4.35,0.274,2.77,4.78,0.579
Lee Jeka,Wyndham,SCM 2004,Championship Men,Senior,Male,2004,0.833333333,13,45.38,22.17,2.59,1.38,3.97,2.8,1.32,0.0,0.0,1.27,0.0,3.25,10.58,24.1,0.439,8.29,17.85,0.464,2.29,6.25,0.366,3.31,4.42,0.749
John Constance,Chelsea,VBL Division 1 Men,Division 2 Men,Senior,Male,2003,0.833333333,22,45.36,11.69,2.49,0.99,3.49,3.37,1.65,0.12,0.0,1.75,0.0,1.92,6.13,17.1,0.358,4.6,11.79,0.39,1.53,5.32,0.288,0.96,1.36,0.706
Sean Mccall,Coburg,Division One Men,Division 1 Men,Senior,Male,2005,0.833333333,2,45.0,20.33,6.0,3.0,9.0,1.33,2.33,1.0,0.0,2.33,0.0,4.0,7.33,16.67,0.44,6.33,12.0,0.528,1.0,4.67,0.214,4.67,7.67,0.609
Warren Estcourt,Bulleen,VBL Division 1 - Men,Division 2 Men,Senior,Male,2002,0.833333333,1,45.0,2.0,5.33,0.0,5.33,4.67,0.0,0.0,0.0,2.0,0.0,1.33,8.0,21.33,0.375,1.33,6.0,0.222,6.67,15.33,0.435,3.33,4.0,0.832
Vashon Weaver,Latrobe City,SCM 2007,Championship Men,Senior,Male,2007,0.833333333,19,44.84,14.72,4.19,1.79,5.99,3.87,0.84,0.35,0.0,2.25,0.0,4.01,5.57,12.75,0.437,5.04,10.18,0.495,0.53,2.57,0.206,3.06,4.86,0.63
Lee Jeka,Wyndham,SCM 2005,Championship Men,Senior,Male,2005,0.833333333,9,44.78,18.09,4.24,1.27,5.51,4.02,1.12,0.15,0.0,0.67,0.0,2.97,6.77,16.45,0.412,5.29,11.61,0.456,1.49,4.84,0.308,3.05,4.31,0.708
Caitlin Shaw,Diamond Valley,VBL Division 1 - Women,Division 2 Women,Senior,Female,2002,0.833333333,24,44.75,10.78,3.49,1.03,4.53,1.82,2.32,0.05,0.0,1.48,0.0,2.68,5.87,19.36,0.303,3.49,11.42,0.306,2.37,7.93,0.299,1.42,1.96,0.724
Travis Banko,Echuca,VBL Division 1 - Men,Division 2 Men,Senior,Male,2002,0.833333333,20,44.7,16.91,2.62,1.14,3.76,3.09,1.58,0.07,0.0,1.88,0.0,4.9,6.98,16.85,0.414,6.11,13.76,0.444,0.87,3.09,0.282,3.83,5.17,0.741
Curtis Small,Warrnambool,SCM 2004,Championship Men,Senior,Male,2004,0.833333333,23,44.57,21.16,1.96,0.82,2.78,2.4,1.55,0.09,0.0,1.73,0.0,2.52,10.77,24.0,0.449,8.05,16.65,0.483,2.72,7.34,0.371,2.34,2.63,0.89
Nathan Sellwood,Sunbury,VBL Premier - Men,Division 1 Men,Senior,Male,2002,0.833333333,27,44.56,18.65,3.02,1.32,4.34,3.32,1.39,0.03,0.0,1.05,0.0,2.3,8.11,19.57,0.414,6.53,15.36,0.425,1.57,4.21,0.373,4.01,5.31,0.755
Nathan Crosswell,Sandringham,SCM 2004,Championship Men,Senior,Male,2004,0.833333333,21,44.38,17.25,2.77,0.71,3.47,5.06,1.42,0.03,0.0,1.61,0.0,2.96,6.73,14.26,0.472,6.08,12.24,0.497,0.64,2.03,0.315,4.44,5.44,0.816
Sam Belt,Ringwood,SCM 2009,Championship Men,Senior,Male,2009,0.833333333,22,44.32,18.4,6.0,2.03,8.03,2.25,0.74,0.52,0.64,1.54,2.8,1.91,5.91,14.65,0.403,2.61,5.66,0.461,3.29,8.98,0.366,3.29,4.62,0.712
Brad Salter,Wyndham,SCM 2004,Championship Men,Senior,Male,2004,0.833333333,20,44.3,11.14,3.89,1.73,5.62,3.59,2.3,0.07,0.0,2.2,0.0,1.96,4.98,11.34,0.439,4.0,8.47,0.472,0.98,2.88,0.34,2.17,2.91,0.746
Bryan Short,Hume City,VBL Division 1 - Men,Division 2 Men,Senior,Male,2002,0.833333333,29,44.24,14.66,3.25,1.55,4.79,3.32,1.5,0.23,0.0,1.26,0.0,2.24,6.27,16.93,0.37,4.63,12.35,0.375,1.63,4.58,0.356,3.76,5.07,0.742
Bobby Cunningham,Warrnambool,SCM 2003,Championship Men,Senior,Male,2003,0.833333333,22,44.23,15.42,8.42,2.31,10.73,5.58,2.81,0.34,0.0,2.71,0.0,3.51,7.46,18.65,0.4,5.37,12.55,0.428,2.1,6.1,0.344,2.59,3.43,0.755
Daryl Corletto,Ringwood,SCM 2003,Championship Men,Senior,Male,2003,0.833333333,23,44.22,22.71,2.92,1.74,4.66,2.06,1.59,0.33,0.0,1.77,0.0,1.68,9.67,19.11,0.506,8.17,14.78,0.553,1.51,4.34,0.348,4.86,5.52,0.88
Jonathon Lee,Bulleen,SCM 2004,Championship Men,Senior,Male,2004,0.833333333,22,44.18,12.78,2.5,0.86,3.36,3.09,1.48,0.1,0.0,2.04,0.0,2.78,5.37,14.97,0.359,4.79,12.34,0.388,0.58,2.62,0.221,2.62,4.01,0.653
Mick Hill,Sherbrooke,SCM 2005,Championship Men,Senior,Male,2005,0.833333333,23,44.17,23.57,4.96,1.42,6.38,4.55,1.51,0.2,0.0,2.33,0.0,3.55,8.83,17.72,0.498,7.08,12.88,0.55,1.75,4.84,0.362,4.16,5.32,0.782
Dean Rzechta,Maccabi,VBL Premier Men,Division 1 Men,Senior,Male,2003,0.833333333,19,44.16,21.63,5.43,2.64,8.08,1.5,1.82,0.07,0.0,2.54,0.0,2.68,8.65,21.92,0.395,7.44,17.45,0.426,1.22,4.47,0.273,5.54,7.04,0.787
Glen Barlow,Latrobe City,SCM 2009,Championship Men,Senior,Male,2009,0.833333333,20,44.1,11.05,6.84,3.71,10.54,2.55,0.78,0.51,0.68,2.72,2.18,1.7,4.42,8.88,0.498,4.39,8.81,0.498,0.03,0.07,0.429,2.18,3.44,0.634
James Denton (Sk),Sherbrooke,Division One Men,Division 1 Men,Senior,Male,2009,0.833333333,24,44.08,10.26,2.64,0.97,3.6,2.24,1.19,0.14,0.51,1.93,2.61,1.76,3.66,8.93,0.41,3.4,7.8,0.436,0.26,1.14,0.228,2.7,3.6,0.75
David Barlow,Melbourne,SCM 2008,Championship Men,Senior,Male,2008,0.833333333,3,44.0,21.82,6.82,2.27,9.09,5.23,0.22,0.46,0.46,1.82,3.87,3.63,7.28,15.22,0.478,5.45,9.77,0.558,1.82,5.45,0.334,5.45,6.82,0.799
Nathan Taylor,Ringwood,SCM 2005,Championship Men,Senior,Male,2005,0.833333333,12,44.0,11.3,4.72,1.53,6.25,1.31,0.34,0.46,0.0,2.05,0.0,1.99,4.09,8.86,0.462,3.01,5.51,0.546,1.08,3.35,0.322,2.05,2.84,0.722
Jeff Reid,Latrobe City,SCM 2006,Championship Men,Senior,Male,2006,0.833333333,20,43.85,16.49,3.39,1.33,4.72,3.25,1.81,0.03,0.0,2.36,0.0,2.39,5.61,14.4,0.39,2.7,5.99,0.451,2.91,8.42,0.346,2.36,3.35,0.704
Brett Rainbow,Ringwood,SCM 2005,Championship Men,Senior,Male,2005,0.833333333,24,43.67,15.48,3.01,0.95,3.95,1.74,0.77,0.49,0.0,1.49,0.0,2.49,5.41,12.63,0.428,3.26,6.55,0.498,2.14,6.07,0.353,2.52,3.12,0.808
Nicole Pavic,Diamond Valley,VBL Division 1 - Women,Division 2 Women,Senior,Female,2002,0.833333333,19,43.63,20.88,7.82,3.73,11.54,1.66,1.38,1.95,0.0,1.88,0.0,2.14,8.47,23.49,0.361,7.74,21.21,0.365,0.72,2.28,0.316,4.67,7.2,0.649
Luke Mcmillan,Ringwood,SCM 2005,Championship Men,Senior,Male,2005,0.833333333,23,43.61,18.99,5.44,2.13,7.57,1.64,0.39,1.17,0.0,2.24,0.0,2.18,7.21,14.8,0.487,6.64,13.13,0.506,0.57,1.67,0.341,4.01,5.71,0.702
Greg Smith,Hume City,SCM 2007,Championship Men,Senior,Male,2007,0.833333333,22,43.59,10.89,3.82,0.87,4.69,4.63,1.22,0.28,0.0,2.41,0.0,2.47,3.91,9.88,0.396,2.75,5.32,0.517,1.16,4.57,0.254,1.91,3.28,0.582
Mick Hill,Sherbrooke,SCM 2004,Championship Men,Senior,Male,2004,0.833333333,20,43.5,24.14,3.79,1.31,5.1,3.62,1.31,0.1,0.0,2.45,0.0,3.31,11.24,25.34,0.444,8.9,19.14,0.465,2.34,6.21,0.377,4.0,5.41,0.739
Mitchell Creek,Horsham,Division Two Men,Division 2 Men,Senior,Male,2009,0.833333333,2,43.5,21.72,6.21,4.83,11.03,3.1,0.69,0.69,0.69,2.41,5.17,4.48,9.31,15.86,0.587,9.31,15.52,0.6,0.0,0.34,0.0,3.1,6.55,0.473
Gili Smolboard,Maccabi,D2M 2007,Division 2 Men,Senior,Male,2007,0.833333333,4,43.5,16.38,2.76,0.52,3.28,2.24,2.41,0.0,0.0,2.93,0.0,5.52,4.31,13.28,0.325,1.72,6.03,0.285,2.59,7.24,0.358,5.17,6.72,0.769
Tracy Tuesley,Whittlesea,VBL Premier - Women,Division 1 Women,Senior,Female,2002,0.833333333,2,43.5,8.62,7.24,6.55,13.79,0.0,2.76,0.34,0.0,3.1,0.0,6.21,4.14,10.34,0.4,4.14,10.0,0.414,0.0,0.34,0.0,0.34,1.38,0.246
Timothy Gainey,Warrnambool,Division One Men,Division 1 Men,Senior,Male,2009,0.833333333,15,43.47,14.82,6.12,2.81,8.92,1.29,1.43,1.57,0.6,2.3,3.31,2.81,5.43,13.48,0.403,4.14,9.85,0.42,1.29,3.64,0.354,2.67,3.78,0.706
Vashon Weaver,Latrobe City,SCM 2003,Championship Men,Senior,Male,2003,0.833333333,22,43.41,19.16,4.71,1.69,6.41,3.21,1.51,0.44,0.0,2.52,0.0,3.84,7.38,17.31,0.426,7.01,15.27,0.459,0.38,2.04,0.186,4.78,6.85,0.698
Daryl Corletto,Melbourne,SCM 2008,Championship Men,Senior,Male,2008,0.833333333,16,43.31,14.59,3.94,0.43,4.37,6.15,0.91,0.13,0.21,1.17,2.38,1.77,4.68,9.14,0.512,2.94,5.15,0.571,1.73,3.98,0.435,3.5,3.81,0.919
Jason Pepper,Shepparton,SCM 2003,Championship Men,Senior,Male,2003,0.833333333,28,43.25,17.96,5.28,2.28,7.55,2.23,2.57,0.4,0.0,2.65,0.0,3.54,7.88,15.61,0.505,7.26,13.6,0.534,0.62,2.0,0.31,2.82,4.46,0.632
Jordan Hill,Shepparton,D2M 2007,Division 2 Men,Senior,Male,2007,0.833333333,8,43.25,17.26,4.94,0.52,5.47,2.86,1.04,0.26,0.0,2.77,0.0,2.25,6.24,14.22,0.439,3.12,6.07,0.514,3.12,8.15,0.383,1.65,2.43,0.679
Bobby Cunningham,Warrnambool,SCM 2004,Championship Men,Senior,Male,2004,0.833333333,23,43.22,12.47,7.12,1.87,9.0,6.52,2.44,0.15,0.0,2.84,0.0,4.25,5.89,16.24,0.363,4.23,10.75,0.393,1.66,5.49,0.302,2.35,3.14,0.748
Matthew Gange,Mildura,Division One Men,Division 1 Men,Senior,Male,2007,0.833333333,26,43.19,16.75,4.22,1.58,5.8,2.14,1.26,0.22,0.0,1.52,0.0,2.4,5.96,13.23,0.45,3.74,7.74,0.483,2.22,5.47,0.406,2.62,3.5,0.749
Dionne Fenton,Wyndham,Championship Women 2002,Championship Women,Senior,Female,2002,0.833333333,24,43.12,11.71,5.94,3.42,9.36,0.78,1.19,0.87,0.0,1.77,0.0,3.21,4.64,11.36,0.408,4.64,11.22,0.414,0.0,0.15,0.0,2.44,4.67,0.522
Jane Chalmers,Echuca,VBL Division 1 - Women,Division 2 Women,Senior,Female,2002,0.833333333,10,43.1,12.53,3.9,1.32,5.22,4.87,2.71,0.14,0.0,2.85,0.0,4.45,4.73,14.69,0.322,4.59,13.09,0.351,0.14,1.6,0.088,3.2,4.52,0.708
Jared Swanson,Southern Peninsula,Division One Men,Division 1 Men,Senior,Male,2008,0.833333333,22,43.09,18.99,5.76,2.37,8.13,1.9,1.01,0.31,0.47,2.75,4.21,2.31,7.66,17.31,0.443,7.6,16.83,0.452,0.06,0.47,0.128,3.61,5.76,0.627
Damien Smith,Sherbrooke,SCM 2004,Championship Men,Senior,Male,2004,0.833333333,25,43.08,16.02,2.14,0.58,2.73,4.21,1.23,0.14,0.0,2.28,0.0,2.76,8.05,18.44,0.437,5.74,12.23,0.469,2.31,6.21,0.372,2.23,3.06,0.729
Vashon Weaver,Latrobe City,SCM 2006,Championship Men,Senior,Male,2006,0.833333333,15,43.07,13.56,4.04,1.62,5.66,2.97,0.75,0.19,0.0,1.95,0.0,3.62,4.92,13.37,0.368,3.57,8.41,0.424,1.34,4.97,0.27,2.37,3.76,0.63
Curtis Small,Warrnambool,SCM 2005,Championship Men,Senior,Male,2005,0.833333333,26,43.04,20.48,2.63,0.7,3.32,3.16,1.07,0.1,0.0,1.34,0.0,2.66,7.4,16.03,0.462,4.29,8.71,0.493,3.11,7.32,0.425,2.57,3.0,0.857
Mike Spears,Hume City,SCM 2006,Championship Men,Senior,Male,2006,0.833333333,22,43.0,16.68,5.83,3.14,8.97,1.36,1.43,1.78,0.0,2.44,0.0,1.97,6.75,14.18,0.476,6.66,13.73,0.485,0.1,0.45,0.222,3.08,4.28,0.72
Sharon Fedke,Echuca,VBL Division 1 - Women,Division 2 Women,Senior,Female,2002,0.833333333,23,43.0,16.65,6.1,1.28,7.37,1.06,1.82,0.94,0.0,2.3,0.0,2.03,7.79,22.6,0.345,6.7,18.26,0.367,1.1,4.34,0.253,2.16,2.79,0.774
Scott Dixon,Kilsyth,YL1M 2007,Victorian Youth Championship Men,Youth,Male,2007,0.833333333,17,43.0,12.93,4.39,2.3,6.69,1.72,1.11,0.53,0.0,1.89,0.0,2.46,4.31,10.96,0.393,2.67,6.45,0.414,1.64,4.51,0.364,2.67,4.31,0.619
Erdoan Bakal,Coburg,VBL Division One Men (Reserve),Youth League 1 Men,Youth,Male,2004,0.833333333,23,42.91,14.86,2.59,1.8,4.38,3.34,0.85,0.24,0.0,1.43,0.0,3.01,6.66,14.01,0.475,5.93,12.1,0.49,0.73,1.92,0.38,2.28,2.77,0.823
Thomas Burns,McKinnon,D2M 2005,Division 2 Men,Senior,Male,2005,0.833333333,18,42.89,14.92,4.12,1.55,5.67,3.69,1.55,0.39,0.0,2.45,0.0,3.73,5.2,12.28,0.423,4.35,9.48,0.459,0.85,2.8,0.304,3.65,5.55,0.658
Marcus Johnson,Shepparton,SCM 2005,Championship Men,Senior,Male,2005,0.833333333,24,42.88,17.06,2.83,0.73,3.55,1.78,1.08,0.29,0.0,1.95,0.0,3.18,6.42,13.12,0.489,5.39,9.91,0.544,1.02,3.2,0.319,3.2,4.37,0.732
Jeremy Marsh,Altona,Division One Men,Division 1 Men,Senior,Male,2005,0.833333333,16,42.88,13.38,4.81,2.06,6.86,2.06,1.57,0.97,0.0,2.23,0.0,3.28,4.94,11.24,0.44,4.33,9.58,0.452,0.62,1.67,0.371,2.88,3.98,0.724
Glen Barlow,Mildura,Division One Men,Division 1 Men,Senior,Male,2007,0.833333333,25,42.8,16.35,8.94,2.8,11.75,2.52,1.18,0.56,0.0,2.44,0.0,3.17,6.03,12.76,0.473,6.03,12.5,0.482,0.0,0.25,0.0,4.29,6.7,0.64
Kevin Benn,Western Port,Division Three Men,Division 3 Men,Senior,Male,2008,0.833333333,23,42.78,14.73,7.59,4.66,12.26,1.25,0.49,0.58,0.64,2.83,4.24,3.51,6.19,10.15,0.61,6.19,10.12,0.612,0.0,0.03,0.0,2.35,5.0,0.47
Vashon Weaver,Latrobe City,SCM 2009,Championship Men,Senior,Male,2009,0.833333333,20,42.75,14.95,3.47,1.68,5.16,3.51,1.12,0.39,0.35,2.46,3.79,2.98,5.47,13.44,0.407,4.84,10.98,0.441,0.63,2.46,0.256,3.37,4.95,0.681
Jared Swanson,Shepparton,D2M 2007,Division 2 Men,Senior,Male,2007,0.833333333,7,42.71,22.38,6.72,2.41,9.13,1.5,1.1,0.1,0.0,1.9,0.0,2.61,8.93,22.18,0.403,7.93,18.76,0.423,1.0,3.41,0.293,3.51,4.92,0.713
Craig Wattie,Echuca,VBL Division 1 - Men,Division 2 Men,Senior,Male,2002,0.833333333,21,42.67,18.55,7.33,2.74,10.07,2.14,1.27,0.4,0.0,2.55,0.0,4.69,8.54,19.78,0.432,7.03,15.47,0.454,1.5,4.32,0.347,2.98,4.25,0.701
Scott Roberts,Western Port,VBL Division 1 - Men,Division 2 Men,Senior,Male,2002,0.833333333,26,42.65,12.66,6.9,2.27,9.17,1.7,0.76,2.87,0.0,2.41,0.0,2.41,5.03,10.74,0.468,4.92,10.28,0.479,0.11,0.46,0.239,2.71,4.22,0.642
Greg Smith,Hume City,SCM 2006,Championship Men,Senior,Male,2006,0.833333333,18,42.61,13.1,4.34,1.06,5.4,4.7,1.18,0.35,0.0,1.99,0.0,2.31,4.7,11.62,0.404,3.09,6.14,0.503,1.61,5.48,0.294,2.11,3.01,0.701
Terrence Watkins,Sherbrooke,VBL Premier - Men,Division 1 Men,Senior,Male,2002,0.833333333,24,42.54,18.28,6.67,2.64,9.32,1.56,1.0,0.68,0.0,1.88,0.0,2.41,8.9,17.83,0.499,7.11,14.37,0.495,1.79,3.47,0.516,2.76,3.7,0.746
Shaun Bruce,Horsham,Division Two Men,Division 2 Men,Senior,Male,2009,0.833333333,23,42.48,19.41,3.65,1.29,4.94,3.32,1.05,0.4,0.28,2.27,3.26,2.21,7.61,17.59,0.433,6.57,13.51,0.486,1.05,4.08,0.257,3.13,4.39,0.713
Ivan Platenik,Waverley,SCM 2009,Championship Men,Senior,Male,2009,0.833333333,18,42.44,20.03,6.24,3.81,10.05,1.69,0.78,0.83,0.94,2.12,5.03,2.28,7.58,15.32,0.495,7.54,15.04,0.501,0.04,0.28,0.143,4.83,7.42,0.651
Luke Cooper,Eltham,YL1M 2006,Victorian Youth Championship Men,Youth,Male,2006,0.833333333,10,42.4,10.83,2.69,1.13,3.82,6.23,1.77,0.07,0.0,1.34,0.0,3.75,3.61,8.07,0.447,2.97,5.38,0.552,0.64,2.69,0.238,2.97,4.74,0.627
Cameron Bruce,Horsham,Division Two Men,Division 2 Men,Senior,Male,2009,0.833333333,23,42.39,9.57,2.19,0.55,2.74,3.57,2.12,0.09,0.25,1.78,2.99,2.22,3.54,7.54,0.469,2.89,5.26,0.549,0.64,2.28,0.281,1.85,3.84,0.482
Adam Dixon,Sherbrooke,Division One Men,Division 1 Men,Senior,Male,2006,0.833333333,21,42.38,18.98,3.33,1.72,5.05,2.49,1.34,0.84,0.0,1.92,0.0,2.26,6.81,13.35,0.51,6.27,11.43,0.549,0.54,1.92,0.281,4.82,6.3,0.765
Tim Pickert,Horsham,Division Two Men,Division 2 Men,Senior,Male,2009,0.833333333,24,42.38,15.78,2.1,1.18,3.27,2.27,1.09,0.15,0.35,1.89,3.36,2.24,5.28,12.98,0.407,3.45,7.16,0.482,1.83,5.81,0.315,3.39,4.52,0.75
Thomas Burns,McKinnon,VBL Division One Men Championship,Division 2 Men,Senior,Male,2004,0.833333333,21,42.33,17.28,3.41,1.01,4.42,3.58,1.49,0.27,0.0,1.79,0.0,2.93,6.01,14.38,0.418,5.33,12.01,0.444,0.67,2.36,0.284,5.94,7.73,0.768
James Tsun,Maccabi,D2M 2007,Division 2 Men,Senior,Male,2007,0.833333333,19,42.32,12.13,2.46,0.6,3.06,3.32,1.42,0.11,0.0,1.68,0.0,3.66,4.4,13.24,0.332,2.65,6.3,0.421,1.75,6.94,0.252,1.57,2.65,0.592
Tommy Walsh,Western Port,Division Three Men,Division 3 Men,Senior,Male,2008,0.833333333,23,42.3,13.11,2.19,1.51,3.7,1.54,0.92,0.16,0.34,2.01,1.51,1.72,4.96,13.17,0.377,3.11,7.37,0.422,1.85,5.79,0.32,1.33,2.01,0.662
Patrick Jennings,Bendigo,YL1M 2007,Victorian Youth Championship Men,Youth,Male,2007,0.833333333,10,42.3,8.87,2.77,1.06,3.83,2.06,1.13,0.07,0.0,1.84,0.0,1.99,2.91,8.87,0.328,1.77,3.83,0.462,1.13,5.04,0.224,1.91,3.19,0.599
John Morris,Warrnambool,SCM 2008,Championship Men,Senior,Male,2008,0.833333333,16,42.25,15.49,5.24,0.98,6.21,1.42,0.58,0.27,0.53,2.35,2.66,3.33,5.72,14.95,0.383,3.59,8.03,0.447,2.13,6.92,0.308,1.91,3.24,0.59
Amanda Fenwick,Echuca,VBL Division 1 - Women,Division 2 Women,Senior,Female,2002,0.833333333,19,42.16,7.79,5.32,2.43,7.75,1.65,2.25,0.71,0.0,2.1,0.0,2.25,3.37,9.07,0.372,3.33,8.95,0.372,0.04,0.11,0.364,1.09,3.18,0.343
Willie Weimer,Ringwood,SCM 2005,Championship Men,Senior,Male,2005,0.833333333,24,42.12,12.08,3.08,1.27,4.36,2.7,0.83,0.15,0.0,2.52,0.0,3.21,4.51,11.75,0.384,2.93,6.97,0.42,1.57,4.78,0.328,1.48,2.29,0.646
Daryl Corletto,Melbourne,SCM 2006,Championship Men,Senior,Male,2006,0.833333333,16,42.06,16.85,3.43,0.58,4.01,2.94,0.85,0.04,0.0,1.11,0.0,1.74,6.24,15.38,0.406,3.92,8.16,0.48,2.32,7.22,0.321,2.05,2.85,0.719
Michelle Betson,Sunbury,VBL Premier - Women,Division 1 Women,Senior,Female,2002,0.833333333,20,42.05,12.02,3.53,1.61,5.14,1.68,1.82,0.07,0.0,3.03,0.0,3.28,4.6,13.06,0.352,4.07,10.34,0.394,0.54,2.71,0.199,3.35,5.46,0.614
Jonathon Lee,Bulleen,SCM 2005,Championship Men,Senior,Male,2005,0.833333333,24,42.04,11.27,2.5,0.71,3.21,3.63,1.93,0.09,0.0,1.93,0.0,3.27,4.31,11.6,0.372,3.75,9.33,0.402,0.56,2.26,0.248,2.08,3.42,0.608
Luke Goldstein,Maccabi,VBL Division 1 - Men,Division 2 Men,Senior,Male,2002,0.833333333,1,42.0,18.57,10.0,2.14,12.14,1.43,0.0,0.0,0.0,4.29,0.0,2.86,7.14,13.57,0.526,7.14,13.57,0.526,0.0,0.0,,4.29,8.57,0.501
Josh Smith,Bulleen,Division One Men,Division 1 Men,Senior,Male,2006,0.833333333,22,42.0,18.47,3.74,1.2,4.94,2.63,1.14,0.06,0.0,1.75,0.0,3.11,6.04,16.66,0.363,4.03,9.35,0.431,2.01,7.31,0.275,4.39,6.24,0.704
Tim Ireland,Hume City,Youth League 2 Men,Youth League 1 Men,Youth,Male,2006,0.833333333,2,42.0,10.0,2.14,0.36,2.5,2.5,1.43,0.36,0.0,2.5,0.0,3.21,3.21,9.64,0.333,3.21,8.21,0.391,0.0,1.43,0.0,3.57,5.71,0.625
Harry White,Oakleigh,Division Two Men,Division 2 Men,Senior,Male,2015,1.0,1,42.0,2.14,1.43,2.14,3.57,0.71,1.43,0.0,0.0,3.57,2.86,3.57,0.0,0.71,0.0,0.0,0.71,0.0,0.0,0.0,,2.14,2.86,0.748
Peter Leimonitis,Coburg,VBL Division One Men (Reserve),Youth League 1 Men,Youth,Male,2004,0.833333333,18,41.89,18.46,4.06,1.83,5.89,3.02,1.71,0.48,0.0,2.51,0.0,4.34,9.03,20.37,0.443,6.6,14.56,0.453,2.43,5.81,0.418,2.82,3.34,0.844
Craig Jarvis,Craigieburn,VBL Premier Men,Division 1 Men,Senior,Male,2003,0.833333333,18,41.89,15.91,3.58,3.02,6.6,2.19,0.79,0.2,0.0,2.43,0.0,2.82,6.4,15.76,0.406,6.01,14.4,0.417,0.4,1.35,0.296,3.5,5.69,0.615
Brett Rainbow,Ringwood,SCM 2006,Championship Men,Senior,Male,2006,0.833333333,8,41.88,14.05,3.22,0.63,3.85,1.43,0.8,0.36,0.0,1.07,0.0,1.79,4.93,11.82,0.417,2.33,4.21,0.553,2.59,7.61,0.34,1.61,2.15,0.749
Tony Burke,Darebin,D2M 2008,Division 2 Men,Senior,Male,2008,0.833333333,18,41.83,16.06,3.43,1.99,5.42,1.84,0.4,0.36,0.36,2.79,2.43,2.19,6.38,16.22,0.393,5.62,12.55,0.448,0.76,3.66,0.208,2.55,3.82,0.668
Scott Roberts,Shepparton,SCM 2005,Championship Men,Senior,Male,2005,0.833333333,24,41.83,15.51,5.82,2.66,8.48,1.85,0.63,0.69,0.0,2.81,0.0,2.78,6.18,12.22,0.506,5.97,11.71,0.51,0.21,0.51,0.412,2.93,4.15,0.706
Taylor Bell,Bendigo,YL1M 2007,Victorian Youth Championship Men,Youth,Male,2007,0.833333333,5,41.8,20.67,5.45,1.0,6.46,0.72,0.43,1.15,0.0,2.87,0.0,3.01,7.32,14.35,0.51,4.88,10.05,0.486,2.44,4.31,0.566,3.59,7.18,0.5
Daryl Corletto,Melbourne,SCM 2004,Championship Men,Senior,Male,2004,0.833333333,20,41.8,17.44,4.09,0.79,4.88,4.49,1.08,0.32,0.0,1.79,0.0,2.66,8.11,18.7,0.434,6.53,13.78,0.474,1.58,4.92,0.321,2.8,3.34,0.838
Jay Allen,Hawthorn,VBL Men Premier Championship,Division 1 Men,Senior,Male,2004,0.833333333,17,41.76,14.5,1.95,0.8,2.74,2.92,1.57,0.25,0.0,1.52,0.0,2.7,7.18,20.29,0.354,5.07,13.99,0.362,2.11,6.29,0.335,2.24,3.21,0.698
Luke Mcmillan,Ringwood,SCM 2009,Championship Men,Senior,Male,2009,0.833333333,21,41.76,22.1,4.96,1.57,6.54,1.13,0.17,0.93,0.68,1.44,4.79,1.65,7.87,14.33,0.549,6.36,10.37,0.613,1.51,3.97,0.38,4.86,5.98,0.813
Cameron Norton,Shepparton,D2M 2007,Division 2 Men,Senior,Male,2007,0.833333333,16,41.75,6.38,4.13,1.8,5.93,3.73,1.88,0.22,0.0,1.84,0.0,2.87,2.29,5.39,0.425,2.02,4.23,0.478,0.27,1.16,0.233,1.52,3.01,0.505
Brady Walmsey,McKinnon,D2M 2005,Division 2 Men,Senior,Male,2005,0.833333333,15,41.73,14.86,1.49,0.96,2.44,2.3,0.91,0.0,0.0,1.44,0.0,2.35,4.65,12.6,0.369,2.97,7.86,0.378,1.68,4.74,0.354,3.88,5.46,0.711
